ip_address,region,env
54.53.50.1,ap-northeast,dev
10.251.222.215,ca-central,prod
100.64.46.98,ap-southeast,dev
172.19.130.157,us-west,dev
20.152.37.229,af-south,prod
172.29.99.250,ca-central,prod
172.21.31.162,me-south,prod
100.64.214.62,af-south,prod
100.64.152.40,af-south,prod
100.64.239.9,eu-west,dev
172.30.208.193,me-south,dev
100.64.14.9,sa-east,dev
54.137.80.176,us-west,dev
172.30.137.130,me-south,dev
10.184.126.169,us-east,dev
172.18.116.182,us-east,prod
100.64.203.23,us-west,dev
3.88.56.22,us-east,dev
10.194.8.224,ap-southeast,prod
54.152.249.254,us-east,prod
10.218.120.61,af-south,dev
18.83.168.252,us-west,dev
18.252.159.25,us-central,dev
10.115.94.6,eu-central,prod
172.22.247.187,ca-central,dev
10.83.17.30,ap-southeast,dev
172.25.97.156,eu-central,prod
100.64.165.9,ca-central,prod
172.22.234.131,us-east,dev
34.18.248.118,ap-southeast,dev
13.102.143.30,ap-southeast,dev
54.81.221.226,us-central,prod
172.24.39.164,eu-central,prod
10.152.96.224,us-central,dev
10.90.233.85,af-south,dev
20.242.47.132,ap-southeast,dev
10.201.65.243,us-central,prod
172.23.93.116,me-south,prod
100.64.212.203,ap-southeast,dev
100.64.235.109,ap-northeast,prod
172.22.12.190,sa-east,dev
10.27.108.250,eu-central,prod
100.64.4.218,ap-southeast,prod
100.64.234.54,ca-central,dev
3.108.66.119,eu-west,dev
10.0.196.196,sa-east,prod
100.64.230.74,ca-central,dev
13.55.234.126,ap-northeast,dev
172.23.143.228,me-south,dev
10.202.145.30,ap-northeast,dev
52.191.131.88,eu-central,dev
10.235.164.15,ap-northeast,dev
172.31.178.118,ap-southeast,dev
172.21.255.138,me-south,prod
100.64.136.115,eu-west,dev
172.20.249.186,sa-east,prod
172.24.6.98,ap-northeast,dev
172.17.6.239,ap-northeast,prod
54.175.24.3,eu-central,dev
100.64.105.84,sa-east,dev
34.145.239.132,us-central,prod
172.30.204.100,ap-southeast,prod
10.226.141.228,af-south,dev
18.108.109.98,us-west,dev
172.31.142.147,ca-central,prod
10.153.130.168,af-south,dev
10.58.151.196,ap-southeast,prod
100.64.13.43,ca-central,prod
54.172.154.79,af-south,dev
172.31.242.53,us-east,dev
10.20.79.183,us-east,prod
3.136.133.47,eu-west,prod
100.64.140.170,us-west,prod
10.242.66.59,me-south,prod
100.64.239.66,me-south,prod
100.64.73.219,me-south,prod
100.64.251.67,us-west,dev
18.28.154.182,af-south,dev
100.64.95.156,eu-west,prod
172.16.224.41,us-west,prod
18.132.153.139,us-east,prod
54.182.139.164,sa-east,prod
10.124.110.167,me-south,dev
3.56.202.91,ap-southeast,prod
34.194.194.45,eu-central,dev
10.96.78.128,us-east,prod
172.25.2.199,eu-central,dev
172.16.254.188,ap-southeast,prod
34.123.11.61,ap-northeast,dev
100.64.0.16,ca-central,dev
172.16.195.116,af-south,dev
172.21.243.4,eu-west,prod
13.197.50.230,us-west,dev
100.64.41.97,sa-east,dev
100.64.175.119,eu-central,prod
100.64.143.71,af-south,prod
34.148.102.17,eu-central,prod
10.127.190.68,us-east,dev
10.200.212.247,me-south,prod
100.64.14.149,us-west,prod
100.64.54.97,eu-west,prod
20.197.225.102,us-east,prod
172.29.249.212,af-south,dev
3.87.196.93,us-west,dev
172.21.232.104,ap-southeast,prod
10.124.65.195,af-south,dev
3.17.14.117,me-south,prod
18.143.108.178,af-south,prod
172.19.7.100,ap-northeast,dev
10.188.125.130,ap-southeast,prod
172.18.212.78,eu-west,prod
20.181.144.235,af-south,dev
18.124.197.24,eu-central,dev
10.182.177.91,us-central,prod
172.26.229.210,af-south,prod
100.64.254.249,af-south,prod
34.200.253.75,ap-southeast,dev
52.221.148.237,us-central,prod
100.64.65.180,ca-central,dev
13.21.177.124,ap-southeast,prod
100.64.156.136,ca-central,prod
172.28.51.148,us-central,prod
3.145.184.231,ap-northeast,prod
100.64.144.40,ap-southeast,prod
10.19.195.66,us-east,dev
172.28.143.159,af-south,dev
172.18.120.172,us-east,prod
100.64.118.109,af-south,prod
52.38.93.160,ap-northeast,dev
172.21.128.85,us-west,prod
172.30.22.218,us-east,prod
3.80.187.7,ca-central,dev
10.218.225.112,ap-southeast,prod
20.36.46.218,eu-west,dev
100.64.54.25,sa-east,prod
54.114.202.96,ap-southeast,dev
13.145.40.150,eu-central,prod
172.22.175.219,ap-southeast,prod
100.64.217.54,ca-central,prod
52.162.154.176,ap-southeast,prod
10.109.107.105,us-east,prod
100.64.169.101,us-central,dev
10.199.42.204,ap-southeast,dev
52.82.210.10,ap-southeast,prod
100.64.244.212,af-south,prod
10.6.115.31,sa-east,dev
100.64.89.92,eu-central,prod
20.15.67.61,us-central,prod
10.139.10.49,ap-southeast,prod
10.44.78.229,ap-southeast,prod
10.14.60.57,ca-central,prod
13.50.157.86,us-west,dev
10.43.22.140,ap-southeast,prod
100.64.18.245,ap-southeast,dev
172.27.117.203,ap-southeast,dev
172.24.26.163,ap-southeast,prod
10.216.183.53,ap-southeast,dev
10.184.43.124,af-south,prod
172.16.110.106,ca-central,prod
100.64.118.164,ap-northeast,prod
172.24.81.59,us-west,prod
18.250.206.103,us-west,prod
172.20.156.10,us-central,dev
172.30.24.218,us-west,dev
10.81.160.204,eu-central,dev
100.64.110.128,us-central,prod
100.64.11.217,sa-east,prod
172.23.9.155,me-south,dev
172.19.125.38,us-central,dev
100.64.17.208,sa-east,dev
100.64.58.6,eu-central,prod
10.189.206.246,us-west,dev
3.171.236.30,eu-west,dev
172.24.253.235,ap-southeast,prod
172.31.154.107,ap-southeast,prod
100.64.35.232,us-west,prod
10.205.193.228,af-south,dev
10.221.254.113,me-south,prod
172.29.166.76,us-central,prod
52.254.86.199,ap-southeast,prod
10.20.96.174,ap-northeast,dev
3.46.128.215,sa-east,prod
20.253.248.133,ca-central,dev
3.173.51.92,us-east,prod
13.145.211.116,ap-southeast,prod
52.80.49.119,ap-northeast,dev
10.109.156.96,ca-central,dev
100.64.147.166,eu-central,prod
172.27.229.36,ca-central,prod
10.147.17.250,eu-west,dev
10.32.188.94,us-west,prod
10.163.40.146,ca-central,prod
10.82.10.20,me-south,dev
172.25.200.60,us-west,prod
100.64.5.86,sa-east,prod
100.64.232.58,sa-east,prod
10.144.23.203,me-south,dev
172.29.192.233,eu-west,dev
10.40.64.150,us-east,prod
18.9.63.51,af-south,dev
34.250.237.15,eu-central,dev
100.64.36.174,us-west,dev
172.22.203.25,us-west,prod
10.59.82.228,me-south,prod
100.64.150.7,ap-southeast,dev
100.64.146.107,ca-central,dev
172.30.173.39,eu-central,dev
172.19.208.106,ap-southeast,dev
20.42.0.79,eu-central,dev
100.64.111.58,ap-northeast,prod
100.64.203.157,sa-east,dev
172.28.181.15,us-east,dev
100.64.175.6,us-central,prod
100.64.222.143,eu-west,prod
10.139.102.128,sa-east,prod
34.41.14.78,me-south,dev
18.17.156.115,af-south,dev
52.185.173.59,eu-central,prod
172.28.161.169,eu-west,dev
18.93.203.124,us-east,dev
100.64.53.179,eu-west,prod
34.247.183.108,us-central,dev
18.244.158.230,eu-west,dev
10.5.29.137,ap-northeast,dev
172.20.225.12,eu-west,prod
10.42.129.86,us-east,prod
10.168.158.6,eu-west,prod
34.137.59.136,us-west,dev
100.64.71.148,eu-west,dev
10.75.31.83,af-south,prod
10.129.48.68,eu-central,prod
172.20.94.166,ap-southeast,prod
54.143.75.216,af-south,prod
100.64.247.155,eu-central,prod
10.233.125.237,sa-east,dev
172.27.88.234,sa-east,prod
172.21.158.175,sa-east,dev
100.64.147.91,me-south,dev
100.64.165.12,us-west,prod
100.64.204.24,af-south,prod
100.64.252.69,us-east,dev
172.29.10.88,eu-central,prod
100.64.150.90,us-east,prod
10.37.40.174,sa-east,prod
172.30.19.56,ca-central,dev
172.25.232.234,eu-west,prod
172.23.0.116,ap-northeast,dev
52.30.188.185,eu-central,prod
34.29.241.117,sa-east,prod
100.64.217.19,us-east,prod
172.30.131.100,ap-northeast,dev
172.23.19.99,ap-southeast,prod
54.190.17.92,us-central,prod
34.102.116.60,ca-central,dev
100.64.215.163,af-south,prod
10.132.78.117,eu-west,dev
172.17.8.9,ca-central,dev
10.177.204.152,af-south,dev
3.203.36.65,af-south,dev
10.10.201.159,us-central,dev
10.126.67.43,eu-central,prod
10.190.49.150,me-south,prod
54.36.39.216,ap-southeast,dev
172.23.92.71,ap-southeast,prod
172.27.150.175,us-west,prod
10.248.28.142,af-south,dev
100.64.72.244,ap-southeast,prod
54.220.164.158,us-east,dev
34.2.243.224,ap-southeast,dev
54.109.100.203,us-east,prod
100.64.144.214,eu-west,prod
18.166.118.65,eu-central,dev
100.64.162.76,ap-southeast,dev
54.82.107.214,eu-central,dev
10.70.80.240,us-east,dev
10.170.243.172,me-south,dev
3.58.1.3,me-south,dev
172.28.138.113,ap-northeast,dev
10.226.37.87,ca-central,prod
10.232.187.94,me-south,prod
10.229.12.144,af-south,prod
13.202.167.253,af-south,prod
172.22.49.231,us-west,prod
10.234.214.248,us-east,prod
172.18.169.93,eu-west,dev
10.48.38.251,sa-east,prod
10.150.55.251,us-west,prod
10.14.195.224,ap-northeast,prod
10.196.148.195,me-south,dev
172.24.188.32,me-south,dev
172.28.107.209,us-east,prod
10.92.113.12,ap-southeast,dev
54.161.158.141,ap-southeast,dev
187.240.207.201,us-east,prod
100.64.215.125,us-central,dev
100.64.9.150,af-south,dev
172.30.68.164,af-south,prod
100.64.119.146,sa-east,prod
10.26.213.90,us-west,prod
20.233.238.76,me-south,dev
10.63.221.107,sa-east,prod